strategy,budget,static_rsus,mobile_rsus,graph_coverage,traffic_coverage,graph_static_coverage,graph_mobile_coverage,graph_total_coverage,guaranteed_ratio
cluster,5,5,0,0.07563025210084033,0.0949123126234294,0.07563025210084033,0.0,0.07563025210084033,1.0
cluster,10,10,0,0.15726290516206481,0.22124806534503225,0.15726290516206481,0.0,0.15726290516206481,1.0
cluster,15,15,0,0.29411764705882354,0.39289279109896746,0.29411764705882354,0.0,0.29411764705882354,1.0
cluster,20,20,0,0.4561824729891957,0.5515108502693961,0.4561824729891957,0.0,0.4561824729891957,1.0
cluster,25,25,0,0.5270108043217286,0.5968762783208467,0.5270108043217286,0.0,0.5270108043217286,1.0
cluster,30,30,0,0.6230492196878752,0.6081914115461876,0.6230492196878752,0.0,0.6230492196878752,1.0
cluster,35,35,0,0.6662665066026411,0.630897213778627,0.6662665066026411,0.0,0.6662665066026411,1.0
cluster,40,40,0,0.7466986794717887,0.715815306554176,0.7466986794717887,0.0,0.7466986794717887,1.0
cluster,45,45,0,0.7935174069627852,0.818068475890413,0.7935174069627852,0.0,0.7935174069627852,1.0
cluster,50,50,0,0.8187274909963985,0.8324134275065667,0.8187274909963985,0.0,0.8187274909963985,1.0
cluster,55,55,0,0.8955582232893158,0.9334900756513798,0.8955582232893158,0.0,0.8955582232893158,1.0
cluster,60,60,0,0.9027611044417767,0.9385231749444584,0.9027611044417767,0.0,0.9027611044417767,1.0
cluster,65,65,0,0.921968787515006,0.9378680895732757,0.921968787515006,0.0,0.921968787515006,1.0
cluster,70,70,0,0.9327731092436975,0.9623155116894867,0.9327731092436975,0.0,0.9327731092436975,1.0
cluster,75,75,0,0.9495798319327731,0.9657219556196355,0.9495798319327731,0.0,0.9495798319327731,1.0
cluster,80,80,0,0.9567827130852341,0.9730953054086111,0.9567827130852341,0.0,0.9567827130852341,1.0
cluster,85,85,0,0.9675870348139256,0.9785179565367322,0.9675870348139256,0.0,0.9675870348139256,1.0
cluster,90,90,0,0.9735894357743097,0.9895015545935576,0.9735894357743097,0.0,0.9735894357743097,1.0
cluster,95,95,0,0.978391356542617,0.9895015545935576,0.978391356542617,0.0,0.978391356542617,1.0
cluster,100,100,0,0.978391356542617,0.9895015545935576,0.978391356542617,0.0,0.978391356542617,1.0
traffic,5,5,0,0.14645858343337334,0.48021552216161445,0.14645858343337334,0.0,0.14645858343337334,1.0
traffic,10,10,0,0.2665066026410564,0.7238398983365166,0.2665066026410564,0.0,0.2665066026410564,1.0
traffic,15,15,0,0.34213685474189676,0.8503265472252806,0.34213685474189676,0.0,0.34213685474189676,1.0
traffic,20,20,0,0.4249699879951981,0.9183408816610118,0.4249699879951981,0.0,0.4249699879951981,1.0
traffic,25,25,0,0.48619447779111646,0.9646703196380769,0.48619447779111646,0.0,0.48619447779111646,1.0
traffic,30,30,0,0.5234093637454982,0.9864524705876299,0.5234093637454982,0.0,0.5234093637454982,1.0
traffic,35,35,0,0.5666266506602641,0.9988263053766315,0.5666266506602641,0.0,0.5666266506602641,1.0
traffic,40,40,0,0.5942376950780313,1.0,0.5942376950780313,0.0,0.5942376950780313,1.0
traffic,45,45,0,0.5978391356542617,1.0,0.5978391356542617,0.0,0.5978391356542617,1.0
traffic,50,50,0,0.5978391356542617,1.0,0.5978391356542617,0.0,0.5978391356542617,1.0
traffic,55,55,0,0.60984393757503,1.0,0.60984393757503,0.0,0.60984393757503,1.0
traffic,60,60,0,0.6302521008403361,1.0,0.6302521008403361,0.0,0.6302521008403361,1.0
traffic,65,65,0,0.631452581032413,1.0,0.631452581032413,0.0,0.631452581032413,1.0
traffic,70,70,0,0.6338535414165666,1.0,0.6338535414165666,0.0,0.6338535414165666,1.0
traffic,75,75,0,0.6338535414165666,1.0,0.6338535414165666,0.0,0.6338535414165666,1.0
traffic,80,80,0,0.6338535414165666,1.0,0.6338535414165666,0.0,0.6338535414165666,1.0
traffic,85,85,0,0.6338535414165666,1.0,0.6338535414165666,0.0,0.6338535414165666,1.0
traffic,90,90,0,0.6350540216086434,1.0,0.6350540216086434,0.0,0.6350540216086434,1.0
traffic,95,95,0,0.6470588235294118,1.0,0.6470588235294118,0.0,0.6470588235294118,1.0
traffic,100,100,0,0.6470588235294118,1.0,0.6470588235294118,0.0,0.6470588235294118,1.0
hybrid,5,1,4,0.1524609843937575,0.45528860221025286,0.014405762304921969,0.13805522208883553,0.1524609843937575,0.09448818897637795
hybrid,10,3,7,0.2773109243697479,0.6809537293546108,0.06602641056422569,0.22809123649459784,0.2773109243697479,0.23809523809523808
hybrid,15,5,10,0.368547418967587,0.8164308184023252,0.09963985594237695,0.2773109243697479,0.368547418967587,0.2703583061889251
hybrid,20,6,14,0.47539015606242496,0.910421531623336,0.12004801920768307,0.3877551020408163,0.47539015606242496,0.25252525252525254
hybrid,25,7,18,0.5186074429771909,0.9507935305072344,0.1404561824729892,0.44537815126050423,0.5186074429771909,0.2708333333333333
hybrid,30,9,21,0.5978391356542617,0.9578160456863097,0.15126050420168066,0.5294117647058824,0.5978391356542617,0.25301204819277107
hybrid,35,11,24,0.6638655462184874,0.9788134472870081,0.15006002400960383,0.5858343337334934,0.6638655462184874,0.22603978300180833
hybrid,40,12,28,0.7178871548619448,0.9943280524945121,0.17767106842737096,0.6506602641056423,0.7178871548619448,0.24749163879598662
hybrid,45,14,31,0.7322929171668667,0.9972486414410338,0.21368547418967587,0.6890756302521008,0.7322929171668667,0.29180327868852457
hybrid,50,15,35,0.7490996398559424,0.9972486414410338,0.2605042016806723,0.723889555822329,0.7490996398559424,0.34775641025641024
hybrid,55,17,38,0.801920768307323,0.9972486414410338,0.2785114045618247,0.7767106842737095,0.801920768307323,0.3473053892215569
hybrid,60,18,42,0.8187274909963985,0.9972486414410338,0.304921968787515,0.7971188475390156,0.8187274909963985,0.3724340175953079
hybrid,65,19,46,0.8535414165666266,0.9972486414410338,0.31932773109243695,0.8391356542617047,0.8535414165666266,0.37412095639943743
hybrid,70,21,49,0.8835534213685474,0.9972486414410338,0.34093637454981995,0.8679471788715486,0.8835534213685474,0.3858695652173913
hybrid,75,23,52,0.9279711884753902,0.9972486414410338,0.33133253301320525,0.8871548619447779,0.9279711884753902,0.35705045278137126
hybrid,80,24,56,0.9567827130852341,0.9972486414410334,0.33613445378151263,0.9063625450180072,0.9567827130852341,0.35131744040150564
hybrid,85,26,59,0.9711884753901561,0.9999999999999996,0.36134453781512604,0.9123649459783914,0.9711884753901561,0.3720642768850433
hybrid,90,27,63,0.9843937575030012,0.9999999999999996,0.3397358943577431,0.929171668667467,0.9843937575030012,0.34512195121951217
hybrid,95,29,66,0.9867947178871549,0.9999999999999996,0.35414165666266506,0.9351740696278511,0.9867947178871549,0.3588807785888078
hybrid,100,30,70,0.9951980792316927,0.9999999999999996,0.35294117647058826,0.9507803121248499,0.9951980792316927,0.3546441495778046
